,tweet_id,favorite_count,retweet_count
0,666051853826850816,1090,745
1,666049248165822465,94,38
2,666094000022159362,152,66
3,666373753744588802,169,77
4,666055525042405380,399,211
5,667090893657276420,310,115
6,667878741721415682,371,108
7,670046952931721218,602,159
8,671115716440031232,1272,719
9,672594978741354496,1243,569
10,700002074055016451,3197,1290
11,740365076218183684,2377,416
12,687818504314159109,2400,920
13,695767669421768709,1798,708
14,669567591774625800,219,48
15,672984142909456390,1183,507
16,676821958043033607,21770,14679
17,887473957103951883,62659,15811
18,746521445350707200,0,951
19,667550882905632768,0,27
20,798576900688019456,0,5773
21,737445876994609152,9891,4269
22,711306686208872448,3180,709
23,716802964044845056,4138,1123
24,736225175608430592,7817,2677
25,738537504001953792,4911,1474
26,747816857231626240,4705,1125
27,749317047558017024,5340,2172
28,751538714308972544,4912,1223
29,765222098633691136,11392,3307
30,765719909049503744,7090,2110
31,670840546554966016,545,179
32,840268004936019968,18685,5512
33,732732193018155009,2348,514
34,747963614829678593,5620,2076
35,766313316352462849,6644,1837
36,789137962068021249,9607,2754
37,800018252395122689,28072,12991
38,817777686764523521,10606,2633
39,835574547218894849,17370,3492
40,836753516572119041,18871,4490
41,842846295480000512,14818,3480
42,840728873075638272,0,15402
43,753375668877008896,7443,2254
44,822975315408461824,17040,3364
45,822872901745569793,129319,42165
46,788908386943430656,27158,12328
47,752701944171524096,0,2775
48,666407126856765440,98,31
49,666428276349472768,149,72
50,666644823164719104,218,73
51,672254177670729728,1337,688
52,675362609739206656,996,211
53,673887867907739649,880,238
54,674265582246694913,1531,783
55,676496375194980353,1450,503
56,676975532580409345,2643,1016
57,679844490799091713,2281,727
58,681320187870711809,2550,709
59,682059653698686977,4766,1603
60,715680795826982913,4131,1535
61,667937095915278337,1157,734
62,670061506722140161,704,306
63,666983947667116034,2355,892
64,671882082306625538,3257,1283
65,679503373272485890,3050,1402
66,686749460672679938,3362,1397
67,740359016048689152,3193,829
68,686377065986265092,2138,547
69,708845821941387268,2876,856
70,671182547775299584,1041,310
71,747103485104099331,9267,3821
72,770414278348247044,6212,2049
73,761371037149827077,0,17598
74,785533386513321988,8987,1962
75,808501579447930884,11187,2575
76,813142292504645637,8392,2353
77,821107785811234820,9443,2085
78,796125600683540480,4928,1784
79,752682090207055872,5851,1547
80,860184849394610176,15575,5374
81,747933425676525569,6433,2464
82,745074613265149952,7601,3361
83,707995814724026368,3015,1085
84,761599872357261312,4035,1161
85,741099773336379392,9664,5310
86,885311592912609280,0,16269
87,779124354206535695,0,17915
88,770787852854652928,4836,1178
89,782747134529531904,7377,1389
90,668614819948453888,576,294
91,810896069567610880,8907,1743
92,817415592588222464,5523,933
93,807106840509214720,116823,54621
94,749981277374128128,4971,2393
95,866686824827068416,17824,3122
96,856526610513747968,11211,1748
97,870726314365509632,112,3
98,834477809192075265,0,10301
99,762471784394268675,10979,6241
100,813112105746448384,10188,2692
101,801285448605831168,5991,808
102,818588835076603904,0,6004
103,666071193221509120,134,52
104,667073648344346624,372,109
105,672160042234327040,821,331
106,672222792075620352,737,193
107,675483430902214656,1741,914
108,680970795137544192,2330,627
109,677228873407442944,3386,1554
110,679527802031484928,2537,690
111,682032003584274432,6342,1905
112,672475084225949696,1356,649
113,674269164442398721,860,213
114,676897532954456065,2142,688
115,683481228088049664,2577,963
116,742528092657332225,4277,1887
117,681302363064414209,3787,1740
118,682750546109968385,1467,418
119,669926384437997569,354,89
120,684959798585110529,6577,3011
121,867421006826221569,14873,2243
122,873580283840344065,22254,3498
123,668291999406125056,227,29
124,761976711479193600,5280,1949
125,696518437233913856,3788,1652
126,878776093423087618,17734,3617
127,892177421306343426,30435,5519
128,782021823840026624,0,6089
129,696490539101908992,1176,138
130,679462823135686656,30282,17915
131,681654059175129088,2539,875
132,683142553609318400,2771,999
133,683849932751646720,2525,916
134,684188786104872960,3378,1121
135,680130881361686529,2215,899
136,680494726643068929,1661,467
137,684460069371654144,1909,538
138,684594889858887680,8591,3369
139,686007916130873345,2404,395
140,689275259254616065,1106,235
141,828381636999917570,12349,2167
142,828408677031882754,7533,1246
143,833722901757046785,20398,3132
144,835685285446955009,0,7860
145,728409960103686147,4726,1912
146,823333489516937216,690,22
147,676916996760600576,2827,1717
148,743895849529389061,3545,933
149,835172783151792128,25533,5577
150,838561493054533637,10666,1280
151,818307523543449600,0,7901
152,746369468511756288,6008,1578
153,690607260360429569,289,17
154,820494788566847489,0,552
155,668655139528511488,489,202
156,690374419777196032,3147,811
157,757725642876129280,4441,1180
158,766793450729734144,4939,1330
159,767884188863397888,4657,1348
160,770772759874076672,5084,1388
161,775729183532220416,12784,4506
162,776088319444877312,1807,147
163,778990705243029504,19634,7037
164,780601303617732608,11923,3300
165,780858289093574656,7092,1967
166,780931614150983680,21300,7158
167,783466772167098368,8343,2196
168,811647686436880384,5541,725
169,829141528400556032,23875,7129
170,689255633275777024,2482,1041
171,852189679701164033,10962,1501
172,862722525377298433,15939,3230
173,688179443353796608,2062,564
174,797236660651966464,19734,6483
175,868552278524837888,9313,1848
176,886366144734445568,19281,2783
177,805823200554876929,0,7910
178,876537666061221889,21784,4152
179,803321560782307329,0,5257
180,817423860136083457,33288,14388
181,671485057807351808,714,214
182,813130366689148928,4439,438
183,666396247373291520,154,73
184,667171260800061440,203,77
185,670838202509447168,1036,639
186,671390180817915904,1343,689
187,671866342182637568,1054,452
188,667192066997374976,354,88
189,667211855547486208,448,220
190,668297328638447616,583,273
191,670676092097810432,229,37
192,670789397210615808,614,221
193,733109485275860992,51585,16418
194,889638837579907072,24621,3934
195,674632714662858753,1412,537
196,676098748976615425,2834,1330
197,676191832485810177,2155,975
198,668645506898350081,810,487
199,670833812859932673,407,113
200,666362758909284353,696,500
201,836260088725786625,20783,4164
202,670815497391357952,2948,1411
203,717047459982213120,6058,1838
204,670055038660800512,621,297
205,771500966810099713,8122,2554
206,748932637671223296,5644,2176
207,827600520311402496,7326,915
208,728015554473250816,3981,1054
209,675870721063669760,1549,530
210,674764817387900928,745,218
211,674788554665512960,761,194
212,737800304142471168,9672,3328
213,733828123016450049,3454,751
214,676440007570247681,1642,621
215,670823764196741120,724,171
216,666781792255496192,355,175
217,666996132027977728,224,81
218,666649482315059201,1032,567
219,667502640335572993,505,201
220,672482722825261057,1054,550
221,673355879178194945,1412,531
222,673612854080196609,1500,668
223,674754018082705410,1283,410
224,676942428000112642,1969,707
225,677673981332312066,3170,1423
226,666739327293083650,218,60
227,667152164079423490,44165,15402
228,675109292475830276,2642,1054
229,678767140346941444,3381,1295
230,740373189193256964,33861,12838
231,761292947749015552,4388,1058
232,821765923262631936,8262,1623
233,670428280563085312,1296,568
234,882627270321602560,25598,5332
235,685681090388975616,1973,117
236,747648653817413632,12510,5638
237,668627278264475648,290,100
238,670755717859713024,408,97
239,670786190031921152,557,183
240,670995969505435648,1032,265
241,671163268581498880,1529,1018
242,674800520222154752,2838,796
243,675853064436391936,2545,1204
244,678424312106393600,5238,2422
245,666104133288665088,13213,5773
246,666786068205871104,692,439
247,793226087023144960,9707,2849
248,817536400337801217,11616,2897
249,678798276842360832,3322,1099
250,677565715327688705,1247,438
251,708479650088034305,2455,651
252,668955713004314625,255,65
253,673656262056419329,679,219
254,675003128568291329,1469,431
255,676237365392908289,1147,267
256,716439118184652801,2298,201
257,728986383096946689,3028,784
258,735137028879360001,3022,936
259,744334592493166593,6572,2026
260,667393430834667520,178,51
261,689877686181715968,2944,1117
262,707014260413456384,2240,574
263,745057283344719872,7026,2166
264,676590572941893632,873,116
265,738156290900254721,2416,618
266,832682457690300417,11610,2826
267,732585889486888962,3529,751
268,667453023279554560,292,80
269,789314372632018944,8550,2262
270,714957620017307648,4002,1352
271,671159727754231808,336,74
272,688789766343622656,2148,635
273,744709971296780288,5428,1506
274,750101899009982464,2963,816
275,885528943205470208,32814,5623
276,846505985330044928,13621,2926
277,805520635690676224,5701,1639
278,671744970634719232,1267,710
279,676606785097199616,1808,410
280,690649993829576704,1257,262
281,674646392044941312,1354,455
282,679828447187857408,34840,13394
283,666337882303524864,174,81
284,669571471778410496,1480,936
285,671518598289059840,883,272
286,674051556661161984,1364,458
287,677573743309385728,2041,663
288,718454725339934721,4680,1450
289,668633411083464705,2594,1467
290,668975677807423489,1213,536
291,669993076832759809,301,75
292,670465786746662913,909,504
293,670069087419133954,580,218
294,672264251789176834,1057,309
295,692752401762250755,6581,3510
296,673350198937153538,714,195
297,674008982932058114,1129,329
298,672272411274932228,6009,3103
299,836648853927522308,0,535
300,780092040432480260,0,2254
301,673716320723169284,2903,701
302,798686750113755136,0,2307
303,674038233588723717,1034,394
304,718540630683709445,2357,968
305,832215726631055365,0,9052
306,676613908052996102,1032,188
307,716447146686459905,12579,5612
308,690959652130045952,3462,1200
309,679158373988876288,20431,7676
310,680145970311643136,3476,1673
311,674644256330530816,977,254
312,679047485189439488,2156,630
313,682406705142087680,7301,1682
314,707038192327901184,2114,756
315,707420581654872064,2182,666
316,667138269671505920,4224,1995
317,668154635664932864,463,286
318,698703483621523456,1405,360
319,787111942498508800,0,6660
320,673580926094458881,779,254
321,674036086168010753,804,191
322,680609293079592961,2532,666
323,683857920510050305,3678,1075
324,681891461017812993,2388,780
325,670782429121134593,1432,707
326,688519176466644993,2244,703
327,715220193576927233,2338,621
328,793614319594401792,0,3098
329,687732144991551489,1703,641
330,671542985629241344,1019,521
331,672828477930868736,1167,454
332,707315916783140866,2391,611
333,751793661361422336,5668,2811
334,733460102733135873,4027,1221
335,798673117451325440,0,5502
336,712668654853337088,4024,1162
337,698989035503689728,3230,936
338,676215927814406144,1646,544
339,709042156699303936,4568,1565
340,782969140009107456,23832,7239
341,888078434458587136,19895,3050
342,674767892831932416,1709,729
343,738883359779196928,3200,759
344,886736880519319552,10909,2796
345,873337748698140672,0,1404
346,782305867769217024,16425,5440
347,789960241177853952,0,4057
348,715758151270801409,3577,1370
349,694356675654983680,1457,276
350,796177847564038144,0,14107
351,816091915477250048,8816,2093
352,735256018284875776,3216,846
353,725786712245440512,4019,1317
354,733482008106668032,3010,909
355,727175381690781696,3774,1333
356,735991953473572864,3464,1101
357,736010884653420544,7606,2856
358,727644517743104000,5647,1676
359,683357973142474752,2793,878
360,684940049151070208,3094,999
361,685169283572338688,3980,1379
362,693590843962331137,4868,1875
363,739238157791694849,111876,55780
364,744234799360020481,151318,74901
365,745422732645535745,8319,2338
366,680161097740095489,2242,705
367,680798457301471234,2744,989
368,683773439333797890,3232,1293
369,683498322573824003,3067,932
370,688894073864884227,2171,659
371,670385711116361728,526,189
372,694183373896572928,2846,895
373,684097758874210310,3970,1380
374,687476254459715584,1919,515
375,690597161306841088,1884,581
376,740699697422163968,2762,747
377,735274964362878976,12585,4819
378,692158366030913536,2078,759
379,695064344191721472,1547,567
380,739544079319588864,38163,20369
381,743980027717509120,4051,1055
382,672245253877968896,635,143
383,686358356425093120,2097,639
384,738885046782832640,3648,1102
385,714485234495041536,2566,1081
386,698262614669991936,4613,1922
387,724771698126512129,2256,606
388,747461612269887489,3761,1012
389,748699167502000129,4625,1536
390,757393109802180609,5671,1687
391,767754930266464257,15684,5257
392,776477788987613185,8662,2711
393,778408200802557953,13384,4235
394,831262627380748289,11650,1985
395,832032802820481025,17472,4535
396,830173239259324417,0,5512
397,679872969355714560,2124,642
398,744971049620602880,7642,2593
399,837110210464448512,15629,2285
400,842115215311396866,13545,2894
401,674410619106390016,1135,429
402,668994913074286592,409,207
403,739485634323156992,6912,2810
404,830097400375152640,9565,2848
405,826615380357632002,0,3882
406,792773781206999040,7292,1655
407,682003177596559360,3008,1453
408,688211956440801280,2170,796
409,745314880350101504,6936,2653
410,821886076407029760,11126,2256
411,800459316964663297,9428,2152
412,832769181346996225,0,38
413,865006731092295680,26028,7012
414,874680097055178752,25524,4106
415,668567822092664832,222,49
416,801538201127157760,8156,2044
417,802185808107208704,0,270
418,821044531881721856,12472,2224
419,778748913645780993,6775,1278
420,886054160059072513,0,96
421,799308762079035393,0,5401
422,859196978902773760,84044,27676
423,791672322847637504,11632,3098
424,817171292965273600,8655,1985
425,748337862848962560,7389,3970
426,688385280030670848,8958,4303
427,774639387460112384,6607,1693
428,771102124360998913,6109,1403
429,674014384960745472,1464,594
430,675006312288268288,919,209
431,675113801096802304,1834,735
432,675153376133427200,5883,2409
433,677269281705472000,1883,673
434,688828561667567616,1339,351
435,713919462244790272,3175,762
436,717841801130979328,2366,573
437,723912936180330496,3754,1178
438,675145476954566656,2018,837
439,671141549288370177,1079,603
440,666411507551481857,394,285
441,666437273139982337,110,42
442,667062181243039745,203,47
443,671729906628341761,7935,3999
444,714982300363173890,3584,992
445,718613305783398402,2351,457
446,666826780179869698,237,82
447,670079681849372674,2061,1127
448,677700003327029250,3237,1369
449,670361874861563904,310,60
450,669216679721873412,1110,373
451,672095186491711488,928,339
452,686606069955735556,1824,523
453,840696689258311684,11927,931
454,668480044826800133,424,131
455,833863086058651648,13133,2331
456,674606911342424069,879,93
457,689283819090870273,3154,1060
458,691483041324204033,2315,538
459,743545585370791937,3426,909
460,705442520700944385,4254,1552
461,700151421916807169,2171,643
462,682047327939461121,3081,900
463,685906723014619143,7237,2754
464,687124485711986689,2111,487
465,687480748861947905,1551,229
466,707741517457260545,2410,587
467,785639753186217984,7777,2205
468,848690551926992896,24211,4106
469,838831947270979586,0,10615
470,672609152938721280,1033,359
471,786963064373534720,26329,7860
472,686286779679375361,3881,1606
473,855851453814013952,43403,16844
474,828801551087042563,0,3326
475,689993469801164801,1406,430
476,790723298204217344,0,2279
477,674743008475090944,1312,506
478,702276748847800320,2385,741
479,707983188426153984,48,2
480,818627210458333184,22080,7412
481,674307341513269249,10678,6458
482,674690135443775488,1080,439
483,693642232151285760,2462,397
484,752309394570878976,0,15712
485,757596066325864448,4235,1026
486,786051337297522688,1408,154
487,868622495443632128,24584,4743
488,868880397819494401,60298,12925
489,707059547140169728,2510,649
490,791406955684368384,13024,4061
491,715704790270025728,2679,547
492,712438159032893441,5138,1505
493,697943111201378304,2312,647
494,730211855403241472,3682,1020
495,678396796259975168,1527,395
496,689143371370250240,1959,487
497,698178924120031232,2727,712
498,844973813909606400,14522,3029
499,861383897657036800,33645,9772
500,865359393868664832,24556,4530
501,870804317367881728,30996,5527
502,792394556390137856,13272,4256
503,841077006473256960,22173,5105
504,707387676719185920,3377,1226
505,887517139158093824,42337,10351
506,694001791655137281,3292,985
507,698710712454139905,2385,652
508,702539513671897089,2783,921
509,709556954897764353,3168,1028
510,863432100342583297,22107,4765
511,866450705531457537,113217,31852
512,871515927908634625,18578,3104
513,889665388333682689,43797,8800
514,702899151802126337,1555,433
515,696744641916489729,2005,895
516,693993230313091072,1818,387
517,674781762103414784,1888,1112
518,699036661657767936,2524,1156
519,702684942141153280,3124,1026
520,666353288456101888,194,64
521,759447681597108224,8298,2394
522,728387165835677696,3572,922
523,728751179681943552,2669,648
524,708119489313951744,2597,940
525,704871453724954624,4139,1085
526,705975130514706432,2994,702
527,738184450748633089,4187,1170
528,706291001778950144,1654,461
529,706681918348251136,3189,941
530,707776935007539200,3167,920
531,709852847387627521,3393,1153
532,712085617388212225,3163,466
533,726887082820554753,3697,1450
534,735635087207878657,5954,2257
535,692530551048294401,1774,397
536,693262851218264065,2138,479
537,841314665196081154,15345,4456
538,849776966551130114,29126,7179
539,881536004380872706,45181,14103
540,707629649552134146,2478,833
541,707377100785885184,3160,1040
542,691756958957883396,2742,954
543,708149363256774660,4146,1497
544,710658690886586372,2234,540
545,672523490734551040,586,152
546,675334060156301312,2610,1206
547,687841446767013888,5290,2406
548,862457590147678208,19014,4475
549,847251039262605312,19748,4116
550,748575535303884801,5897,1924
551,750117059602808832,4227,1272
552,838916489579200512,0,33
553,673240798075449344,1335,660
554,674670581682434048,1514,606
555,679736210798047232,2014,755
556,675522403582218240,982,270
557,704347321748819968,1521,336
558,885167619883638784,19980,3848
559,855857698524602368,11245,1959
560,855818117272018944,25248,5059
561,855245323840757760,0,5537
562,676588346097852417,2196,738
563,670093938074779648,959,306
564,666776908487630848,320,155
565,806620845233815552,0,5463
566,676430933382295552,1330,320
567,680836378243002368,3324,1266
568,691444869282295808,2554,810
569,670435821946826752,989,475
570,671186162933985280,680,191
571,666837028449972224,748,503
572,682429480204398592,3321,1106
573,684800227459624960,2623,961
574,669680153564442624,627,266
575,670040295598354432,703,103
576,675111688094527488,902,232
577,741743634094141440,7910,2642
578,676811746707918848,1359,405
579,667534815156183040,759,483
580,711743778164514816,2739,954
581,743835915802583040,0,1995
582,667160273090932737,235,55
583,682697186228989953,1269,349
584,683834909291606017,2536,1075
585,688898160958271489,2027,751
586,697990423684476929,3176,1240
587,793271401113350145,8616,2366
588,826204788643753985,4784,898
589,828770345708580865,25049,5696
590,838083903487373313,17168,3002
591,839290600511926273,0,137
592,773704687002451968,6482,1592
593,860276583193509888,17203,3227
594,675166823650848770,3342,1478
595,690932576555528194,3180,980
596,780800785462489090,5397,1275
597,668190681446379520,602,184
598,674255168825880576,1372,504
599,680889648562991104,1700,353
600,748705597323898880,2699,921
601,828046555563323392,11508,2798
602,831309418084069378,11529,2394
603,672902681409806336,1281,460
604,703611486317502464,3705,1472
605,727314416056803329,3210,715
606,700062718104104960,2558,659
607,702321140488925184,3168,1006
608,684177701129875456,1951,636
609,684481074559381504,3743,1126
610,685663452032069632,3115,1397
611,685943807276412928,1574,568
612,686730991906516992,4006,1156
613,687826841265172480,2662,1081
614,696405997980676096,3098,1114
615,698549713696649216,2245,600
616,695794761660297217,3060,743
617,698953797952008193,2595,879
618,701889187134500865,3431,1336
619,714631576617938945,3159,950
620,680473011644985345,2457,722
621,672968025906282496,1242,498
622,815639385530101762,8108,1618
623,820749716845686786,31064,9668
624,677895101218201600,4595,1963
625,700518061187723268,2524,766
626,683391852557561860,7382,2307
627,806629075125202948,73807,34142
628,798705661114773508,0,6573
629,790227638568808452,0,3512
630,793256262322548741,19797,8248
631,796116448414461957,9000,2383
632,701570477911896070,2724,893
633,756303284449767430,3849,1079
634,812709060537683968,6544,1422
635,701805642395348998,3302,1603
636,683462770029932544,2340,646
637,757729163776290825,0,7667
638,748220828303695873,13728,7515
639,673700254269775872,1345,528
640,682788441537560576,2393,1066
641,757597904299253760,0,291
642,756939218950160384,6476,1943
643,708853462201716736,1745,636
644,693267061318012928,2299,781
645,751598357617971201,7729,2951
646,689659372465688576,10033,3697
647,697270446429966336,4559,1814
648,667806454573760512,981,449
649,674394782723014656,1416,529
650,680100725817409536,3464,1313
651,695409464418041856,8384,3450
652,709198395643068416,2365,614
653,745433870967832576,6869,2461
654,701601587219795968,2028,435
655,735648611367784448,3907,1059
656,668286279830867968,471,126
657,669327207240699904,535,112
658,669359674819481600,347,111
659,674422304705744896,1346,500
660,676617503762681856,2734,902
661,685307451701334016,2009,421
662,713761197720473600,4677,1308
663,717790033953034240,2764,1053
664,692894228850999298,2187,762
665,671538301157904385,871,353
666,672466075045466113,1264,488
667,682962037429899265,35452,15769
668,708711088997666817,2448,688
669,682638830361513985,1993,567
670,717009362452090881,3119,923
671,671122204919246848,3238,2316
672,669683899023405056,354,101
673,683098815881154561,2098,629
674,696894894812565505,2264,657
675,850145622816686080,15631,3586
676,666273097616637952,157,70
677,749403093750648834,2536,514
678,790277117346975746,12439,3136
679,826958653328592898,21156,4860
680,834167344700198914,15459,3548
681,752334515931054080,3725,1067
682,863471782782697472,0,2196
683,706169069255446529,3769,2128
684,805958939288408065,0,5299
685,822462944365645825,27455,13928
686,705102439679201280,2070,498
687,689517482558820352,3291,1377
688,689599056876867584,11276,5298
689,690690673629138944,2251,792
690,691321916024623104,2491,635
691,691416866452082688,18699,7345
692,691820333922455552,3829,1590
693,692017291282812928,2792,918
694,692905862751522816,2350,843
695,695816827381944320,2910,1108
696,698355670425473025,1789,429
697,699446877801091073,5758,2521
698,707610948723478529,16387,6089
699,714258258790387713,2924,701
700,720059472081784833,3723,1073
701,741793263812808706,4406,1451
702,784826020293709826,9980,3192
703,794926597468000259,10129,2290
704,712065007010385924,2176,598
705,729463711119904772,5582,2215
706,742385895052087300,6591,1890
707,748324050481647620,3591,731
708,758405701903519748,5084,1855
709,777621514455814149,8584,2463
710,837482249356513284,3755,425
711,839239871831150596,26332,6275
712,887343217045368832,30735,9265
713,816062466425819140,0,996
714,815745968457060357,0,4061
715,727685679342333952,2862,609
716,776218204058357768,29344,15486
717,867900495410671616,22414,3769
718,670408998013820928,520,201
719,670452855871037440,512,189
720,671533943490011136,950,534
721,707021089608753152,3955,1298
722,726224900189511680,4271,1098
723,674271431610523648,1463,680
724,696488710901260288,2433,986
725,706265994973601792,2647,898
726,705223444686888960,2502,769
727,676603393314578432,1104,360
728,773191612633579521,9812,4037
729,786709082849828864,18061,6036
730,673345638550134785,2344,1167
731,678643457146150913,1968,385
732,705475953783398401,2866,878
733,679062614270468097,16272,7667
734,696900204696625153,3065,987
735,671497587707535361,862,417
736,666430724426358785,289,172
737,762035686371364864,31116,15134
738,828708714936930305,35749,10885
739,779377524342161408,8641,3050
740,793500921481273345,10579,2349
741,762699858130116608,11864,3512
742,825147591692263424,17961,4423
743,759943073749200896,5802,2024
744,695446424020918272,4261,1749
745,753398408988139520,5604,1852
746,758854675097526272,3470,878
747,800859414831898624,681,97
748,762464539388485633,10074,4057
749,798644042770751489,0,1831
750,821421320206483457,0,5440
751,759047813560868866,6329,1947
752,808344865868283904,42061,20567
753,826848821049180160,35523,9889
754,891327558926688256,36719,8173
755,815736392542261248,9717,2226
756,798682547630837760,0,4690
757,686050296934563840,2152,700
758,693095443459342336,1800,438
759,699088579889332224,2171,602
760,766693177336135680,3931,776
761,692041934689402880,3286,1218
762,846139713627017216,29950,9615
763,789280767834746880,0,4856
764,800513324630806528,13027,2960
765,872486979161796608,37479,8090
766,879862464715927552,20440,3070
767,880465832366813184,25990,5476
768,880872448815771648,19463,3364
769,882992080364220416,21813,3411
770,883482846933004288,41804,8683
771,778396591732486144,0,11967
772,836989968035819520,12426,2229
773,837820167694528512,33159,7568
774,835152434251116546,21818,2899
775,813910438903693312,9207,1830
776,746790600704425984,4731,1544
777,746872823977771008,5808,2064
778,668960084974809088,656,224
779,747204161125646336,3262,882
780,747512671126323200,5365,1559
781,748692773788876800,4135,1297
782,749395845976588288,8329,3323
783,754874841593970688,0,7676
784,756651752796094464,4920,1259
785,770069151037685760,7446,2248
786,791312159183634433,8672,2501
787,796865951799083009,7615,1895
788,798665375516884993,0,3869
789,820446719150292993,0,2515
790,838921590096166913,10825,1963
791,840698636975636481,172,2
792,834089966724603904,9803,2068
793,739623569819336705,3638,1308
794,670832455012716544,678,199
795,796904159865868288,0,8818
796,858860390427611136,0,7466
797,792050063153438720,7071,1766
798,806219024703037440,6392,1183
799,744223424764059648,1610,347
800,800388270626521089,11063,2777
801,800188575492947969,0,3891
802,819952236453363712,5248,1147
803,687399393394311168,1832,596
804,694925794720792577,2613,883
805,671536543010570240,1101,372
806,668981893510119424,502,276
807,670842764863651840,23027,8012
808,772193107915964416,5905,1353
809,776813020089548800,4802,1181
810,879376492567855104,15411,2756
811,760521673607086080,4123,1362
812,821813639212650496,0,3300
813,825535076884762624,55954,17178
814,832040443403784192,0,9303
815,834786237630337024,20936,5350
816,848212111729840128,15687,2868
817,785927819176054784,11252,3141
818,851591660324737024,15557,3272
819,880221127280381952,24603,3658
820,856330835276025856,0,620
821,824025158776213504,4748,585
822,669603084620980224,891,336
823,820078625395449857,19505,6155
824,842765311967449089,6507,1209
825,884876753390489601,25390,4911
826,832215909146226688,0,6036
827,798628517273620480,0,1959
828,805487436403003392,8715,2488
829,807059379405148160,0,7239
830,809920764300447744,15402,3882
831,819588359383371776,9512,1957
832,799757965289017345,8320,2140
833,809220051211603969,19705,5512
834,810657578271330305,10849,2602
835,812781120811126785,7465,1876
836,813066809284972545,7841,1922
837,816697700272001025,9654,2152
838,823269594223824897,0,9655
839,666691418707132416,171,44
840,677716515794329600,2905,930
841,694329668942569472,1932,486
842,699079609774645248,2368,622
843,714141408463036416,4166,1345
844,668623201287675904,1316,687
845,668641109086707712,988,497
846,667012601033924608,419,200
847,669371483794317312,459,164
848,674752233200820224,1371,430
849,676864501615042560,1987,666
850,669015743032369152,693,346
851,803380650405482500,7694,1857
852,818145370475810820,12102,2513
853,878604707211726852,27492,6232
854,765395769549590528,26141,3308
855,819711362133872643,13169,3054
856,666454714377183233,470,195
857,672591762242805761,892,307
858,672964561327235073,1328,594
859,676819651066732545,1731,626
860,701981390485725185,3330,946
861,705898680587526145,2291,530
862,713900603437621249,2742,702
863,717537687239008257,5583,1766
864,695314793360662529,3508,1398
865,710588934686908417,4373,1783
866,858107933456039936,14801,2666
867,667455448082227200,178,56
868,773308824254029826,22866,7313
869,877736472329191424,72359,16706
870,693644216740769793,1313,119
871,702598099714314240,11827,3308
872,813172488309972993,9158,1898
873,829878982036299777,0,4860
874,787322443945877504,7699,1721
875,833124694597443584,19753,4700
876,766069199026450432,4135,828
877,818259473185828864,10859,2204
878,750086836815486976,2113,516
879,875021211251597312,23422,4177
880,878057613040115712,38523,6010
881,771171053431250945,0,7262
882,832645525019123713,2864,517
883,667491009379606528,483,206
884,813157409116065792,7675,2169
885,816829038950027264,0,4629
886,795464331001561088,49019,23288
887,674999807681908736,2111,1029
888,678740035362037760,3589,1579
889,704819833553219584,2552,943
890,711998809858043904,0,123
891,710833117892898816,2593,512
892,718234618122661888,3728,947
893,715733265223708672,4501,1620
894,717428917016076293,1563,429
895,681340665377193984,1589,263
896,814578408554463233,0,5741
897,670003130994700288,310,84
898,666073100786774016,282,140
899,670811965569282048,1053,247
900,671355857343524864,453,112
901,672125275208069120,2231,1059
902,672169685991993344,958,340
903,723673163800948736,2917,848
904,676101918813499392,2688,1106
905,687317306314240000,19478,8818
906,728653952833728512,3205,999
907,673270968295534593,1006,335
908,674045139690631169,1325,596
909,675898130735476737,1527,536
910,736365877722001409,3840,1188
911,680940246314430465,3072,995
912,687109925361856513,5622,2362
913,668204964695683073,522,182
914,668643542311546881,811,476
915,669351434509529089,402,166
916,671109016219725825,1068,402
917,684969860808454144,2310,355
918,749417653287129088,5939,1592
919,833479644947025920,14541,1976
920,825120256414846976,0,1215
921,820314633777061888,3298,552
922,746757706116112384,9288,3771
923,759793422261743616,5821,1850
924,710283270106132480,2085,501
925,719704490224398336,4376,1367
926,872967104147763200,25023,4797
927,877611172832227328,0,70
928,750056684286914561,3078,871
929,761227390836215808,5215,1521
930,789268448748703744,9024,2572
931,803773340896923648,9956,2705
932,668967877119254528,135,21
933,716730379797970944,1191,411
934,778624900596654080,4537,994
935,780192070812196864,8571,2199
936,849668094696017920,0,4700
937,757611664640446465,4464,1067
938,824663926340194305,10347,1729
939,699779630832685056,2640,1191
940,769695466921623552,6295,1643
941,773247561583001600,9284,3187
942,778286810187399168,10216,3231
943,782722598790725632,17029,5299
944,783347506784731136,0,5450
945,787810552592695296,8518,3005
946,798340744599797760,0,3287
947,809084759137812480,13087,3482
948,813202720496779264,9125,1794
949,823939628516474880,10455,2647
950,750071704093859840,7616,3216
951,772581559778025472,6360,1664
952,810284430598270976,34827,11076
953,846042936437604353,15414,2726
954,871032628920680449,20956,3401
955,743595368194129920,17756,6292
956,680206703334408192,2726,1110
957,680440374763077632,1404,480
958,680497766108381184,4088,1825
959,680801747103793152,2294,784
960,684241637099323392,7843,3141
961,681242418453299201,1431,506
962,685268753634967552,2987,1154
963,685321586178670592,2554,603
964,685547936038666240,31791,14978
965,690400367696297985,1823,432
966,691459709405118465,3917,1093
967,715342466308784130,2941,660
968,692142790915014657,1593,375
969,712717840512598017,11876,4755
970,794355576146903043,0,10157
971,813081950185472002,9796,2746
972,824297048279236611,14787,3769
973,830956169170665475,7808,1451
974,802600418706604034,7034,1446
975,816450570814898180,29986,7901
976,854120357044912130,30359,6969
977,667119796878725120,307,119
978,667177989038297088,178,50
979,667188689915760640,686,363
980,667517642048163840,344,177
981,668979806671884288,739,321
982,670086499208155136,654,231
983,670374371102445568,700,248
984,670417414769758208,535,302
985,678334497360859136,1241,237
986,671896809300709376,7950,3869
987,784431430411685888,5657,1253
988,869772420881756160,39355,9107
989,667915453470232577,196,51
990,678021115718029313,12998,5993
991,678991772295516161,2187,1099
992,835297930240217089,16084,2898
993,781661882474196992,10304,2673
994,759446261539934208,1637,471
995,733822306246479872,3543,982
996,800443802682937345,0,4270
997,822859134160621569,13020,2220
998,670403879788544000,399,141
999,802952499103731712,8939,1974
1000,706904523814649856,14075,7548
1001,749075273010798592,5609,2009
1002,714962719905021952,7073,4068
1003,715928423106027520,3070,844
1004,673343217010679808,909,250
1005,675501075957489664,16248,5502
1006,679111216690831360,5719,2470
1007,671879137494245376,1315,612
1008,676957860086095872,2134,769
1009,708356463048204288,3456,1262
1010,669324657376567296,460,192
1011,669970042633789440,284,51
1012,670803562457407488,320,83
1013,668872652652679168,493,280
1014,669354382627049472,2517,1177
1015,697255105972801536,2965,1111
1016,810984652412424192,5263,1414
1017,668587383441514497,1554,984
1018,677314812125323265,1576,506
1019,667724302356258817,445,291
1020,669363888236994561,581,209
1021,669367896104181761,427,140
1022,670468609693655041,336,82
1023,667165590075940865,2484,1029
1024,698195409219559425,16215,5741
1025,708349470027751425,2274,709
1026,743510151680958465,7692,3596
1027,817502432452313088,0,3336
1028,819924195358416896,12736,4795
1029,766714921925144576,2555,367
1030,737678689543020544,4866,1262
1031,725729321944506368,5017,1706
1032,679475951516934144,2011,614
1033,680221482581123072,1425,281
1034,681579835668455424,3426,1247
1035,683078886620553216,1932,545
1036,680115823365742593,2625,866
1037,682662431982772225,2946,1033
1038,683852578183077888,1879,332
1039,684195085588783105,1840,488
1040,679862121895714818,2374,591
1041,687704180304273409,2360,809
1042,688064179421470721,1678,348
1043,689977555533848577,1327,432
1044,690005060500217858,3547,1618
1045,775898661951791106,0,16418
1046,816816676327063552,9868,2000
1047,826598365270007810,9825,2287
1048,836380477523124226,14411,2890
1049,748977405889503236,10484,3287
1050,760656994973933572,6439,1854
1051,770655142660169732,7207,1739
1052,774757898236878852,8450,1747
1053,686386521809772549,3154,852
1054,858471635011153920,20251,4489
1055,678800283649069056,2468,857
1056,679877062409191424,1912,622
1057,765371061932261376,6923,2117
1058,854482394044301312,27681,6375
1059,773547596996571136,21720,6004
1060,680934982542561280,2014,416
1061,846153765933735936,30424,8613
1062,752932432744185856,12280,6660
1063,794205286408003585,9150,3285
1064,793601777308463104,7899,1597
1065,667801013445750784,303,87
1066,668625577880875008,352,119
1067,668815180734689280,517,239
1068,670826280409919488,5135,3740
1069,750026558547456000,2648,760
1070,750041628174217216,3085,592
1071,793286476301799424,24358,9052
1072,667866724293877760,2832,951
1073,700462010979500032,3975,1711
1074,678755239630127104,6784,3113
1075,704364645503647744,7712,3415
1076,711008018775851008,2886,588
1077,715696743237730304,3767,1239
1078,686683045143953408,2732,774
1079,677334615166730240,1280,269
1080,676219687039057920,72721,29299
1081,680913438424612864,2326,592
1082,667176164155375616,565,415
1083,696754882863349760,1433,348
1084,759557299618865152,4576,1160
1085,672622327801233409,1206,448
1086,672877615439593473,964,326
1087,673688752737402881,1183,459
1088,674318007229923329,1330,483
1089,674638615994089473,1585,544
1090,675135153782571009,1222,442
1091,675820929667219457,992,224
1092,667924896115245057,275,98
1093,670427002554466305,489,148
1094,672231046314901505,1703,931
1095,668274247790391296,766,214
1096,739844404073074688,3678,828
1097,739979191639244800,19311,5692
1098,743210557239623680,3720,1313
1099,743222593470234624,6006,1842
1100,726828223124897792,3443,964
1101,730573383004487680,4712,2048
1102,731156023742988288,3711,1219
1103,734776360183431168,2418,511
1104,736736130620620800,4097,1656
1105,725842289046749185,6838,2555
1106,726935089318363137,6621,2333
1107,727524757080539137,4306,1162
1108,746726898085036033,5876,1737
1109,746906459439529985,2821,285
1110,749036806121881602,3015,770
1111,785872687017132033,6628,1778
1112,737310737551491075,14145,7129
1113,811985624773361665,7190,1382
1114,819006400881917954,44745,18681
1115,841833993020538882,0,14388
1116,789628658055020548,7409,1739
1117,793165685325201412,9294,2750
1118,755206590534418437,16046,5193
1119,763837565564780549,12283,4038
1120,767191397493538821,12045,3668
1121,823322678127919110,15473,3923
1122,675147105808306176,887,216
1123,668256321989451776,1205,547
1124,669328503091937280,946,384
1125,890006608113172480,28040,6451
1126,889278841981685760,22975,4684
1127,666099513787052032,140,57
1128,686618349602762752,3573,1309
1129,695074328191332352,2751,1056
1130,692901601640583168,1706,579
1131,707411934438625280,2224,574
1132,817908911860748288,4787,785
1133,720389942216527872,6137,2395
1134,670420569653809152,576,289
1135,680070545539371008,2495,821
1136,681981167097122816,2708,994
1137,890240255349198849,29073,6431
1138,750011400160841729,3150,876
1139,855138241867124737,0,40
1140,684200372118904832,2080,1000
1141,741438259667034112,3576,787
1142,742465774154047488,7031,3769
1143,684567543613382656,2903,1165
1144,684902183876321280,1799,506
1145,685641971164143616,2823,746
1146,687664829264453632,1877,490
1147,690015576308211712,2403,707
1148,722974582966214656,3954,1504
1149,690735892932222976,3662,1222
1150,674664755118911488,860,226
1151,679854723806179328,2751,1170
1152,889880896479866881,25507,4383
1153,822163064745328640,0,4647
1154,837471256429613056,12458,2183
1155,751132876104687617,4933,1263
1156,838476387338051585,21855,4577
1157,841320156043304961,19204,5295
1158,835309094223372289,0,20246
1159,746542875601690625,4899,1826
1160,738891149612572673,102,6
1161,725458796924002305,1363,586
1162,692423280028966913,1428,219
1163,775842724423557120,11495,2601
1164,747439450712596480,5265,1852
1165,694342028726001664,1534,467
1166,702332542343577600,3071,1489
1167,698907974262222848,2455,599
1168,721001180231503872,2437,588
1169,669625907762618368,3280,1670
1170,812503143955202048,5987,1199
1171,695051054296211456,2573,765
1172,770293558247038976,6107,1432
1173,798209839306514432,10322,2527
1174,703041949650034688,25415,11967
1175,710117014656950272,5270,1892
1176,670778058496974848,311,68
1177,677557565589463040,2343,1098
1178,668779399630725120,667,343
1179,671768281401958400,1119,458
1180,673662677122719744,1179,344
1181,708834316713893888,1625,481
1182,710153181850935296,2814,860
1183,666817836334096384,472,230
1184,667773195014021121,216,48
1185,669564461267722241,364,111
1186,670411370698022913,1880,821
1187,670783437142401025,777,352
1188,666082916733198337,101,41
1189,672591271085670400,674,174
1190,674063288070742018,5978,2023
1191,708026248782585858,4247,1848
1192,826476773533745153,18060,4084
1193,678410210315247616,4020,1714
1194,670733412878163972,898,471
1195,673709992831262724,789,247
1196,679148763231985668,2677,980
1197,832397543355072512,11722,2145
1198,684914660081053696,3384,1400
1199,852672615818899456,14222,2033
1200,857746408056729600,32135,9824
1201,891087950875897856,18501,2743
1202,887101392804085760,27993,5247
1203,671547767500775424,1259,542
1204,671874878652489728,1177,510
1205,675146535592706048,1112,274
1206,706516534877929472,3016,988
1207,724049859469295616,4190,1705
1208,825829644528148480,12513,2434
1209,753298634498793472,0,5513
1210,872820683541237760,13564,3306
1211,761672994376806400,48289,28316
1212,685973236358713344,2029,501
1213,813800681631023104,8215,1726
1214,742534281772302336,6845,3440
1215,676582956622721024,1130,258
1216,696886256886657024,4686,1728
1217,667782464991965184,385,226
1218,667832474953625600,270,57
1219,799422933579902976,7994,1905
1220,681297372102656000,3096,911
1221,697482927769255936,2344,641
1222,707297311098011648,2694,750
1223,710269109699739648,2312,1071
1224,684926975086034944,3372,446
1225,688804835492233216,933,183
1226,697995514407682048,1471,324
1227,687096057537363968,2161,583
1228,699423671849451520,1316,309
1229,703774238772166656,1784,437
1230,758740312047005698,5606,1577
1231,812466873996607488,7889,1907
1232,667443425659232256,721,532
1233,869227993411051520,18869,3374
1234,698342080612007937,2196,926
1235,695629776980148225,4413,2011
1236,682242692827447297,3117,1100
1237,683742671509258241,6244,3181
1238,683828599284170753,2701,1016
1239,685315239903100929,3175,1005
1240,687102708889812993,2269,935
1241,705591895322394625,3067,1104
1242,793180763617361921,6878,1980
1243,802624713319034886,0,2870
1244,890971913173991426,10759,1773
1245,680805554198020098,2074,640
1246,667728196545200128,348,140
1247,672614745925664768,1142,540
1248,764259802650378240,5891,1469
1249,781524693396357120,20475,5463
1250,690021994562220032,2710,986
1251,669006782128353280,542,224
1252,758474966123810816,3709,970
1253,804475857670639616,6082,1989
1254,724983749226668032,3604,1243
1255,813187593374461952,19614,4280
1256,671789708968640512,6608,3201
1257,673708611235921920,1006,266
1258,674042553264685056,678,118
1259,681523177663676416,13776,5513
1260,724405726123311104,5102,1591
1261,673295268553605120,7036,2929
1262,674291837063053312,13778,5450
1263,673363615379013632,968,282
1264,678764513869611008,1564,445
1265,682259524040966145,3984,1145
1266,710844581445812225,2453,654
1267,708810915978854401,15886,6634
1268,723688335806480385,7379,2808
1269,675891555769696257,2017,808
1270,679530280114372609,4592,1989
1271,724004602748780546,4041,1477
1272,670822709593571328,563,89
1273,672139350159835138,1622,643
1274,677687604918272002,2386,800
1275,704847917308362754,4898,1458
1276,714251586676113411,3162,801
1277,843235543001513987,20803,5736
1278,673711475735838725,980,278
1279,681694085539872773,12362,3891
1280,809448704142938112,6880,1442
1281,778774459159379968,0,9682
1282,674805413498527744,804,334
1283,697259378236399616,3187,970
1284,720340705894408192,2763,936
1285,690938899477221376,3963,1877
1286,697463031882764288,3307,1353
1287,700143752053182464,7268,2603
1288,703425003149250560,3674,1305
1289,709409458133323776,2546,651
1290,877556246731214848,20769,3358
1291,881666595344535552,46273,9401
1292,887705289381826560,27652,4750
1293,881633300179243008,115,7
1294,785170936622350336,11880,4746
1295,699775878809702401,1893,582
1296,700864154249383937,2507,601
1297,857393404942143489,5532,1518
1298,880095782870896641,25237,3833
1299,666268910803644416,94,32
1300,671735591348891648,1348,697
1301,687460506001633280,1994,524
1302,692535307825213440,3049,1306
1303,751937170840121344,5058,1273
1304,879130579576475649,0,6010
1305,679001094530465792,2725,1165
1306,693629975228977152,2368,767
1307,712097430750289920,3637,991
1308,780543529827336192,6211,1715
1309,693582294167244802,1592,237
1310,873213775632977920,6583,1404
1311,886267009285017600,108,3
1312,688116655151435777,2735,743
1313,670679630144274432,704,257
1314,667861340749471744,230,74
1315,668542336805281792,422,194
1316,813096984823349248,10445,3574
1317,883117836046086144,33854,5841
1318,848213670039564288,7851,679
1319,890729181411237888,59210,16609
1320,704859558691414016,2173,511
1321,675706639471788032,617,87
1322,703769065844768768,3156,1096
1323,685532292383666176,2931,1110
1324,687127927494963200,5249,2182
1325,667793409583771648,648,306
1326,670444955656130560,6299,1831
1327,670474236058800128,1411,684
1328,687312378585812992,4226,1829
1329,796387464403357696,10900,4088
1330,877201837425926144,24824,4909
1331,888917238123831296,26601,3939
1332,675531475945709568,1120,358
1333,697575480820686848,1975,483
1334,711732680602345472,8485,3919
1335,670807719151067136,1083,451
1336,671138694582165504,859,370
1337,678774928607469569,2696,861
1338,666287406224695296,131,57
1339,666345417576210432,265,128
1340,670073503555706880,1457,726
1341,670319130621435904,3631,1128
1342,667495797102141441,486,244
1343,671544874165002241,1828,960
1344,671891728106971137,1228,521
1345,672834301050937345,1226,529
1346,672997845381865473,1850,663
1347,709918798883774466,3378,1045
1348,666447344410484738,94,18
1349,676470639084101634,11053,4422
1350,676949632774234114,1243,374
1351,677698403548192770,1176,304
1352,707969809498152960,2591,922
1353,816014286006976512,0,5160
1354,666701168228331520,394,195
1355,675489971617296384,1216,557
1356,669597912108789760,477,139
1357,667369227918143488,339,151
1358,669353438988365824,585,240
1359,671134062904504320,692,175
1360,672995267319328768,885,269
1361,675822767435051008,1441,510
1362,666418789513326592,110,40
1363,674262580978937856,1236,421
1364,734787690684657664,12107,6056
1365,670704688707301377,727,343
1366,671528761649688577,783,236
1367,672256522047614977,2632,1413
1368,676776431406465024,4756,1917
1369,693942351086120961,1689,352
1370,783085703974514689,8058,2160
1371,784517518371221505,8866,2482
1372,759923798737051648,14352,5484
1373,710140971284037632,2653,847
1374,681261549936340994,1407,256
1375,831911600680497154,26955,6311
1376,835264098648616962,7529,1631
1377,791784077045166082,0,9442
1378,678446151570427904,3837,1458
1379,734559631394082816,1441,381
1380,672538107540070400,952,337
1381,813217897535406080,18417,7184
1382,675798442703122432,9712,3224
1383,676263575653122048,1989,510
1384,684147889187209216,2893,1464
1385,786363235746385920,10773,3427
1386,677547928504967168,6619,3492
1387,709225125749587968,2330,546
1388,716285507865542656,2677,1009
1389,750383411068534784,4432,1113
1390,752173152931807232,5810,1773
1391,673906403526995968,2972,1526
1392,718460005985447936,2594,502
1393,697630435728322560,1691,524
1394,728760639972315136,4495,1633
1395,705786532653883392,1864,496
1396,778039087836069888,8359,2588
1397,700167517596164096,2549,704
1398,821149554670182400,8480,1921
1399,808838249661788160,10008,2997
1400,763167063695355904,0,2929
1401,704491224099647488,723,75
1402,667873844930215936,581,372
1403,672975131468300288,1567,831
1404,675888385639251968,2251,896
1405,667509364010450944,6324,1959
1406,741067306818797568,9229,2970
1407,672267570918129665,1382,567
1408,674739953134403584,1030,359
1409,675710890956750848,1782,768
1410,675878199931371520,3956,1315
1411,666804364988780544,216,84
1412,667174963120574464,229,71
1413,667549055577362432,5346,2070
1414,667902449697558528,803,350
1415,669000397445533696,19481,5857
1416,671743150407421952,702,219
1417,708130923141795840,3264,823
1418,732726085725589504,3434,855
1419,714606013974974464,3502,882
1420,681281657291280384,3121,1054
1421,675372240448454658,1596,488
1422,668237644992782336,5740,2599
1423,797971864723324932,11483,3072
1424,808733504066486276,7819,2134
1425,812372279581671427,13509,3617
1426,822489057087389700,17824,6255
1427,827933404142436356,19667,5107
1428,831939777352105988,23453,5957
1429,670691627984359425,551,221
1430,671520732782923777,1304,488
1431,687807801670897665,2306,689
1432,719339463458033665,4292,1180
1433,704480331685040129,3279,1031
1434,683449695444799489,3746,1552
1435,689623661272240129,2158,621
1436,740995100998766593,6139,2611
1437,772117678702071809,3699,722
1438,790337589677002753,7753,1860
1439,867072653475098625,0,106
1440,882268110199369728,40883,10200
1441,767122157629476866,9976,2792
1442,783821107061198850,7277,1932
1443,815990720817401858,4880,996
1444,834574053763584002,13324,2439
1445,835536468978302976,0,1631
1446,866094527597207552,0,7568
1447,696100768806522880,1866,629
1448,671486386088865792,541,181
1449,796563435802726400,0,7158
1450,686394059078897668,1682,666
1451,753039830821511168,36166,20246
1452,738166403467907072,8468,3209
1453,784183165795655680,19785,7910
1454,668986018524233728,511,150
1455,669972011175813120,413,141
1456,863427515083354112,2042,85
1457,838201503651401729,0,9668
1458,668248472370458624,885,435
1459,857029823797047296,17741,3678
1460,671347597085433856,883,391
1461,672239279297454080,840,300
1462,700505138482569216,2218,547
1463,704761120771465216,6408,2802
1464,721503162398597120,4449,1749
1465,672205392827572224,2099,1058
1466,675517828909424640,1223,437
1467,675015141583413248,2542,1103
1468,696877980375769088,2368,686
1469,700890391244103680,2140,547
1470,676146341966438401,1825,628
1471,704113298707505153,1792,551
1472,684880619965411328,2016,776
1473,668484198282485761,392,215
1474,671147085991960577,620,201
1475,667182792070062081,13214,5616
1476,845098359547420673,0,7313
1477,831926988323639298,329,34
1478,703382836347330562,3388,1101
1479,673686845050527744,1351,402
1480,698635131305795584,1257,330
1481,703268521220972544,1916,521
1482,739932936087216128,3925,1041
1483,741303864243200000,8505,3086
1484,699801817392291840,2940,914
1485,732375214819057664,7799,2406
1486,676946864479084545,1650,345
1487,676089483918516224,1243,414
1488,719367763014393856,2696,713
1489,711694788429553666,31630,17597
1490,728046963732717569,4139,1156
1491,667546741521195010,316,115
1492,675047298674663426,993,298
1493,678675843183484930,2734,1393
1494,711652651650457602,3719,871
1495,697616773278015490,3042,975
1496,706538006853918722,3358,1376
1497,709207347839836162,12052,5534
1498,699788877217865730,2161,493
1499,668992363537309700,693,311
1500,675149409102012420,3517,1585
1501,748346686624440324,5081,1193
1502,801115127852503040,7992,2076
1503,854010172552949760,15441,2948
1504,748568946752774144,2148,652
1505,773670353721753600,5258,1284
1506,699060279947165696,3615,1728
1507,787397959788929025,10775,2814
1508,681339448655802368,8985,3921
1509,749996283729883136,2976,793
1510,790698755171364864,8127,1899
1511,857062103051644929,0,154
1512,675849018447167488,901,133
1513,668113020489474048,620,217
1514,737322739594330112,3478,776
1515,746131877086527488,6687,2111
1516,747594051852075008,3567,1016
1517,749774190421639168,4549,1282
1518,750719632563142656,12814,4856
1519,752660715232722944,4263,1512
1520,753420520834629632,7689,3451
1521,758467244762497024,4680,2158
1522,760252756032651264,3863,847
1523,764857477905154048,6321,1738
1524,788039637453406209,6062,1291
1525,793210959003287553,8841,2761
1526,819238181065359361,2226,401
1527,785515384317313025,6043,1238
1528,768554158521745409,0,5692
1529,749064354620928000,4674,1480
1530,761004547850530816,11092,3385
1531,766864461642756096,0,5484
1532,697516214579523584,1982,1070
1533,781251288990355457,8292,2041
1534,702932127499816960,2496,692
1535,667044094246576128,174,44
1536,852912242202992640,8584,1694
1537,676593408224403456,4347,2028
1538,844223788422217728,13208,2083
1539,864279568663928832,13575,2721
1540,819015331746349057,0,18681
1541,801854953262350336,1781,235
1542,834931633769889797,10539,1571
1543,771014301343748096,6749,1617
1544,884925521741709313,70193,15878
1545,775085132600442880,15273,4622
1546,823699002998870016,13744,2461
1547,824775126675836928,14653,3419
1548,833826103416520705,17703,3652
1549,844979544864018432,13179,2432
1550,857989990357356544,15094,2382
1551,754120377874386944,7701,2285
1552,768609597686943744,4030,1168
1553,771380798096281600,10282,4944
1554,859607811541651456,17467,1419
1555,864873206498414592,29942,7871
1556,752568224206688256,5346,2210
1557,671550332464455680,845,194
1558,796484825502875648,7499,1733
1559,832369877331693569,16788,3096
1560,834086379323871233,12753,2138
1561,845812042753855489,28182,8279
1562,870063196459192321,33681,7445
1563,823581115634085888,12781,2568
1564,768193404517830656,10654,3457
1565,763956972077010945,749,53
1566,856288084350160898,488,15
1567,807621403335917568,14429,3568
1568,689999384604450816,1368,354
1569,712809025985978368,18365,6457
1570,668631377374486528,658,293
1571,666102155909144576,69,11
1572,677530072887205888,1020,217
1573,706901761596989440,1979,562
1574,669203728096960512,934,432
1575,672604026190569472,1028,366
1576,689905486972461056,2370,672
1577,693280720173801472,3238,1196
1578,817056546584727552,8467,1613
1579,704134088924532736,1457,438
1580,847116187444137987,20676,3037
1581,692828166163931137,2776,859
1582,693231807727280129,2778,714
1583,671855973984772097,841,399
1584,672898206762672129,848,391
1585,673705679337693185,1181,380
1586,675740360753160193,1111,318
1587,690360449368465409,2577,846
1588,724046343203856385,2564,535
1589,672488522314567680,1038,400
1590,697596423848730625,2909,1215
1591,871102520638267392,19270,4924
1592,789599242079838210,6672,1896
1593,831322785565769729,9089,1506
1594,769212283578875904,5281,1673
1595,777684233540206592,11055,2870
1596,789530877013393408,11610,3336
1597,670421925039075328,1223,583
1598,667538891197542400,191,60
1599,672248013293752320,1622,556
1600,855862651834028034,314,22
1601,818614493328580609,9698,2489
1602,759099523532779520,14169,4042
1603,751583847268179968,4288,1065
1604,752519690950500352,7189,3348
1605,753655901052166144,5700,2115
1606,756275833623502848,6234,1491
1607,756526248105566208,10161,3481
1608,753294487569522689,3271,1011
1609,757741869644341248,6712,3163
1610,760290219849637889,26181,11171
1611,760641137271070720,4871,1263
1612,761745352076779520,4184,841
1613,778650543019483137,5666,1469
1614,779056095788752897,14532,4439
1615,670290420111441920,651,263
1616,780476555013349377,0,109
1617,851224888060895234,19804,5440
1618,760539183865880579,7400,3523
1619,871762521631449091,18602,3102
1620,882045870035918850,26753,4284
1621,859074603037188101,31659,12549
1622,877316821321428993,25122,4594
1623,852936405516943360,0,1868
1624,777953400541634568,0,3457
1625,802239329049477120,9009,2589
1626,705239209544720384,2899,727
1627,671488513339211776,938,440
1628,708738143638450176,2663,780
1629,710272297844797440,4368,1201
1630,719551379208073216,4870,1812
1631,684122891630342144,1939,451
1632,709519240576036864,1447,226
1633,750506206503038976,4331,1114
1634,751456908746354688,3136,977
1635,754482103782404096,5159,1897
1636,757400162377592832,14785,6653
1637,758355060040593408,3302,1030
1638,681193455364796417,3567,1405
1639,684538444857667585,2558,911
1640,773922284943896577,6288,1713
1641,776201521193218049,9432,2466
1642,711363825979756544,3506,1086
1643,788178268662984705,7152,2068
1644,792913359805018113,14174,3931
1645,796149749086875649,31948,14107
1646,800751577355128832,10486,2763
1647,668826086256599040,399,124
1648,813812741911748608,36026,13750
1649,829861396166877184,12007,1881
1650,797165961484890113,221,26
1651,832636094638288896,15519,2697
1652,730196704625098752,4670,1800
1653,667437278097252352,417,214
1654,711968124745228288,7759,2211
1655,706310011488698368,20544,7598
1656,771136648247640064,8981,2856
1657,713175907180089344,4293,1418
1658,780496263422808064,0,3600
1659,754449512966619136,3653,716
1660,755955933503782912,7123,2791
1661,756998049151549440,6130,1928
1662,759846353224826880,6579,1914
1663,760190180481531904,5568,1746
1664,750429297815552001,12827,4139
1665,754856583969079297,6725,2436
1666,760893934457552897,3728,945
1667,761750502866649088,0,3810
1668,763103485927849985,7225,2251
1669,750868782890057730,4652,1319
1670,772114945936949249,2681,459
1671,793120401413079041,12530,3875
1672,796080075804475393,8379,2282
1673,799774291445383169,0,4622
1674,801958328846974976,7685,1707
1675,811627233043480576,12608,3024
1676,817827839487737858,50837,26577
1677,821407182352777218,11553,4231
1678,667470559035432960,235,89
1679,790987426131050500,9727,2105
1680,813944609378369540,0,3136
1681,878404777348136964,0,1126
1682,866720684873056260,18524,4332
1683,769940425801170949,30650,9303
1684,668226093875376128,271,93
1685,668989615043424256,626,304
1686,691090071332753408,1667,321
1687,681610798867845120,1827,446
1688,694206574471057408,4022,1957
1689,732005617171337216,14341,5160
1690,809808892968534016,0,4833
1691,675349384339542016,3714,2129
1692,839990271299457024,13044,2182
1693,682389078323662849,1606,448
1694,688547210804498433,2507,671
1695,684830982659280897,33830,20839
1696,679722016581222400,1601,451
1697,831670449226514432,10210,1762
1698,672884426393653248,1441,782
1699,674082852460433408,718,153
1700,829501995190984704,31084,10301
1701,776249906839351296,0,8924
1702,804738756058218496,13565,3780
1703,814986499976527872,7557,1252
1704,670433248821026816,311,103
1705,668466899341221888,821,466
1706,673707060090052608,1037,362
1707,722613351520608256,4803,1566
1708,675707330206547968,1873,640
1709,701952816642965504,3717,988
1710,723179728551723008,5109,1784
1711,842163532590374912,23667,5537
1712,750132105863102464,3513,1252
1713,781163403222056960,9672,2711
1714,719991154352222208,4665,1669
1715,751830394383790080,5674,1886
1716,828361771580813312,2142,172
1717,755110668769038337,20660,10779
1718,763183847194451968,5265,1437
1719,685198997565345792,2257,644
1720,754747087846248448,2524,503
1721,778027034220126208,6456,1570
1722,783391753726550016,16679,5364
1723,787717603741622272,10156,2746
1724,789986466051088384,9164,2279
1725,790581949425475584,20453,7032
1726,849336543269576704,10950,1788
1727,850019790995546112,19566,4607
1728,747242308580548608,0,2802
1729,867774946302451713,31464,6601
1730,814638523311648768,11133,2652
1731,888804989199671297,23339,3724
1732,892420643555336193,35168,7421
1733,781308096455073793,7052,2512
1734,848324959059550208,23763,4389
1735,849412302885593088,15243,2982
1736,853639147608842240,32925,9380
1737,854732716440526848,21560,5665
1738,862096992088072192,69033,21070
1739,852553447878664193,15501,3267
1740,870374049280663552,76782,23835
1741,872620804844003328,19078,3236
1742,874057562936811520,20872,3532
1743,876484053909872640,17218,2090
1744,870656317836468226,11329,2332
1745,881906580714921986,22252,2996
1746,669573570759163904,405,127
1747,879674319642796034,289,10
1748,874434818259525634,0,12860
1749,687494652870668288,1835,554
1750,729823566028484608,3836,1192
1751,704054845121142784,2822,882
1752,747844099428986880,2743,722
1753,828011680017821696,10143,2097
1754,829011960981237760,52244,15915
1755,836001077879255040,18592,4124
1756,838952994649550848,19106,3852
1757,863553081350529029,14180,3807
1758,816336735214911488,8480,1910
1759,694905863685980160,2658,902
1760,701214700881756160,11796,4890
1761,699434518667751424,2107,493
1762,747600769478692864,2270,543
1763,831650051525054464,6970,1868
1764,805207613751304193,7776,1697
1765,786036967502913536,0,6886
1766,786664955043049472,10480,2504
1767,686035780142297088,1109,112
1768,775350846108426240,9981,3823
1769,679405845277462528,2276,1147
1770,677187300187611136,2601,864
1771,738402415918125056,3156,791
1772,672970152493887488,882,329
1773,677331501395156992,1038,223
1774,715200624753819648,4964,1790
1775,667544320556335104,798,487
1776,675354435921575936,30725,15712
1777,676948236477857792,2052,814
1778,742161199639494656,4172,1318
1779,674416750885273600,651,128
1780,668496999348633600,379,119
